1458480771185,2.9777884,8.176199,9.574412,0.0,0.0,0.0
1458480771352,2.2744915,1.5945383,8.251018,-2.2498386,0.105727494,1.2242552
1458480771531,3.6044707,1.401805,8.197746,-1.0357034,0.8479505,0.07084008
1458480771710,2.3648727,-3.6912606,11.015722,0.059921127,-0.14753912,-0.6801714
1458480771890,3.1232362,-0.25019407,10.191518,-1.2873721,0.3920173,-0.9667275
1458480772070,1.0420763,0.97264445,8.689755,-0.567786,-0.012250541,-0.4596616
1458480772249,1.1893197,-0.9020155,8.5778265,0.09454222,-0.029294772,0.5030711
1458480772429,2.0949266,-0.59615624,8.162432,0.1984055,-0.11158645,0.27696875
1458480772608,2.9759927,-1.2198458,9.676167,-0.12596752,0.11717909,0.61439127
1458480772788,1.7962499,-2.0207062,9.371504,-0.20746025,-0.1571265,0.3123888
1458480772971,2.556409,-2.3995886,9.419987,-0.24367924,0.009054748,0.17204021
1458480773148,2.0638018,-1.8112136,9.345766,-0.12650016,0.03009372,0.13129385
1458480773328,1.6089035,-2.0757728,9.160814,-0.03435478,7.9894834E-4,0.1603223
1458480773508,0.61650693,-2.5360582,10.159196,-0.2625877,0.1917476,0.31505197
1458480773687,-0.23523031,-2.4259248,10.138845,0.23382555,0.046871636,0.39254996
1458480773867,-1.1019313,-1.6573862,10.216658,0.42051315,0.11957593,0.8066715
1458480774046,0.08439561,-1.2258313,9.7863,0.8772453,0.07962852,1.5712651
1458480774226,-0.23403321,0.801459,8.659229,0.824781,0.14088123,1.9579561
1458480774407,1.845331,0.4878186,8.167819,0.3304983,0.4825648,1.3688648
1458480774586,0.8098387,2.8161798,8.946533,1.170193,1.9651467,2.1856563
1458480774767,1.7010803,3.7098155,8.2516165,0.78083885,0.9060074,2.0511668
1458480774945,-0.5482722,5.708974,8.076241,0.43010053,1.0010823,1.0021476
1458480775123,3.0041246,5.442619,10.479421,0.10865697,0.3257046,0.027164243
1458480775303,0.5315128,1.3006501,10.056246,-0.33316147,-3.341202,-0.8111989
1458480775483,1.1935096,2.5833437,8.118139,0.14993598,0.62317973,1.1640677
1458480775663,1.7729063,3.430891,9.3182335,0.07084008,1.0135992,0.40293628
1458480775842,1.8231846,0.2693477,9.218275,-0.0010652645,0.1965413,0.31824777
1458480776025,0.7846996,2.6629508,8.808268,0.6317018,1.3640711,0.4593953
1458480776202,1.5927427,4.745308,10.536881,0.77897465,-1.7297232,-1.0122676
1458480776381,6.9120603,5.6527104,2.7485435,1.381648,-4.319381,-1.1278487
1458480776561,7.225102,6.2752028,-0.18136078,2.607501,-2.5893915,-0.40080574
1458480776742,7.135918,7.807492,-1.9273324,0.5901565,-0.9531454,-0.123836994
1458480776920,6.2859764,5.6539073,-2.7473464,0.04261058,-0.4711132,0.2330266
1458480777100,6.4110737,6.419453,-3.0472202,-0.13608754,-0.4711132,-0.10226539
1458480777279,5.761048,6.59423,-3.3225534,-0.32517198,-0.0628506,0.15792546
1458480777458,6.397307,7.3268557,-3.7415388,0.05352954,0.2759035,-0.021038974
1458480777643,4.4538136,5.771822,4.1240125,-0.06924219,0.52144694,-0.04660532
1458480777817,1.7788919,4.817134,7.406463,-3.5872781,6.7223516,1.2602079
1458480778000,2.9125464,3.6062663,10.515334,-0.56725335,1.7278589,1.1893678
1458480778184,1.1893197,0.40402153,9.486425,-0.42024684,-0.011451593,0.0034621095
1458480778358,1.7543513,2.3020248,8.391677,-0.30466563,-0.20612867,-0.44101948
1458480778537,0.1376666,3.1483753,9.697116,-0.2908172,0.18588865,-0.51958275
1458480778716,-1.4185646,0.16340427,10.63684,-0.31611723,0.17949706,0.19467708
1458480778896,-0.050876785,0.33279404,8.462905,-0.05832323,0.09853696,1.2751216
1458480779075,2.4139538,1.2958617,8.511986,0.22343922,0.30466563,1.2154667
1458480779256,-0.32022446,-1.5688007,10.542868,-0.12463594,0.582167,0.16564862
1458480779434,0.22266077,1.0720038,8.935161,0.1933455,-0.057790596,-0.2876214
1458480779614,-1.0528502,1.3784616,11.752538,-0.30999196,0.05885586,-1.2458268
1458480779793,0.012569559,1.1695676,8.272566,0.036218993,-0.2412824,0.6016081
1458480779974,1.2264298,0.51475334,9.335591,0.27537087,-0.52357745,1.4253238
1458480780152,1.4215573,2.9340942,9.403826,0.28495824,0.30945933,0.78776306
1458480780333,1.3862427,1.8447324,7.65546,0.6372945,-0.23648871,-0.40080574
1458480780512,0.3633201,2.837129,7.8356237,0.06977482,-0.23915187,0.14354439
1458480780692,0.32800564,3.0172927,9.664195,0.095074855,-0.13768543,-0.6317018
1458480780870,4.184466,-2.0254946,9.185953,-0.2876214,2.663161E-4,0.23782028
1458480781050,5.616797,0.008978256,8.024167,-2.162753,-0.55074173,0.5001417
1458480781229,3.9306808,-1.407192,10.304645,0.63915867,-1.0189254,0.82557994
1458480781409,4.5423994,-3.436278,8.093599,0.4593953,-0.9864349,-1.8631475
1458480781588,2.7431567,-0.7667431,9.263765,-0.023702133,-0.44794372,-1.932656
1458480781769,3.86903,-0.3441665,9.241618,-1.0748519,-0.38429415,-1.5843146
1458480781948,3.359065,-0.8283938,9.497798,0.7486146,0.64741445,0.7459514
1458480782127,1.0283096,1.3269863,9.366715,0.41785,0.68816084,0.14620754
1458480782307,-0.5883751,1.5292963,9.450513,-0.33156356,1.2159994,-0.8333031
1458480782487,-1.0785879,1.1216835,8.872911,1.3334448,-0.13954964,-1.9925772
1458480782667,0.1412579,0.08798691,10.1861315,0.16964336,-0.54142064,-2.835734
1458480782846,-2.4109612,2.1829133,8.206725,0.3206446,-0.47217846,-2.125469
1458480783027,-2.4199393,3.0986955,8.375516,0.82611257,0.36911413,-1.3560816
1458480783207,-4.4017396,2.5169046,10.56681,0.92997587,-0.042876896,-1.2825783
1458480783387,-4.346673,3.709217,6.121375,0.25033715,-0.5797702,-0.81039995
1458480783567,-4.4125137,4.4125137,7.0646906,0.4530037,-0.2514024,-0.5057343
1458480783745,-2.9706059,5.270835,9.118318,-0.09427591,0.10226539,-0.3933489
1458480783926,-2.6485856,1.1468226,11.517307,0.23355924,-0.21678132,-0.26391926
1458480784106,-3.205836,2.8862102,7.945757,0.28016454,-0.33475935,-0.81545997
1458480784283,-4.0013094,4.7255554,7.6506715,0.024501082,-0.2463424,-0.6556703
1458480784463,-5.0481744,1.6184803,11.5633955,0.13635385,0.22743396,0.6516755
1458480784642,-3.1094694,2.6024973,6.9707184,-1.4242586,-0.07882957,0.80587256
1458480784822,-2.3265655,4.4442368,9.025542,-0.0015978967,0.19600865,1.0745856
1458480785004,-4.4526167,2.8042088,7.868544,-0.23595607,0.22077605,0.43010053
1458480785182,-2.7712884,1.6537948,8.388085,-0.36005938,0.5925534,1.2024173
1458480785370,-1.9440918,1.1965023,10.181941,-0.3768373,0.6599313,2.313488
1458480785543,-1.4796166,2.9466639,9.731233,-0.44101948,0.25060347,2.1704764
1458480785724,-1.5125369,3.630807,8.996213,-0.27643612,0.39840892,0.6623282
1458480785901,0.11971009,3.0627825,9.40203,0.046871636,0.391751,0.5134575
1458480786079,-0.86370826,3.7565024,9.266758,0.19707392,-2.663161E-4,-0.49454904
1458480786258,-0.6973112,2.545635,9.91439,0.5763081,-0.8199873,-1.0591391
1458480786438,-2.211644,3.0597897,8.987833,0.71133035,-1.4900386,-2.6953855
1458480786618,-2.086547,4.260482,8.107366,0.49774483,-1.4181333,-2.5339978
1458480786797,-3.41473,3.4045548,8.402451,0.41598576,-1.2072109,-1.406149
1458480786978,-1.8854338,4.179079,7.9912467,-0.047404267,-0.5515407,-0.9491506
1458480787157,-0.84575176,4.909311,8.328829,0.54648066,-0.14460965,-0.47484162
1458480787336,-1.7615339,4.350863,9.355942,0.71106404,0.22290659,-0.35553202
1458480787516,-2.0967221,4.6621094,8.049905,-0.29800773,-0.2615224,-1.0961571
1458480787695,-1.6286557,5.3516393,8.087015,0.020240024,-0.42317632,-0.81705785
1458480787877,-2.3301568,4.272453,7.1311297,0.23089607,0.022370555,0.968858
1458480788054,0.3477578,5.0104656,7.6111674,0.24607609,0.3821636,0.7946873
1458480788234,-1.2348095,4.10845,11.859079,0.2828277,-0.3568636,0.17230652
1458480788414,-0.62728083,3.7822402,7.6704235,-0.81466097,-0.37790257,-1.1504856
1458480788593,-1.8507179,4.809353,7.821857,0.2016013,-0.19014971,-0.81732416
1458480788773,-3.952827,4.1180267,12.097901,0.22530343,-0.09161274,0.16405073
1458480788952,-1.0450691,3.7373488,6.659472,-1.4343786,-0.74914724,-0.15978967
1458480789133,-0.26874915,5.810129,7.9888525,0.47377637,0.10013486,0.55287224
1458480789311,-1.1001357,4.0276456,10.543466,0.27696875,0.34621096,0.2609898
1458480789492,-1.0809821,3.946243,6.819285,-0.51026165,-0.48948902,-0.89988214
1458480789671,-2.0278888,5.3965306,8.951322,0.12197278,-0.38615838,-0.77231675
1458480789851,-1.83336,4.0665517,7.917625,0.406931,0.15446335,0.45380265
1458480790031,-1.3838485,5.0625396,6.47033,-0.19627498,0.1603223,1.026116
1458480790213,-0.19512744,5.5725045,8.814852,-0.12676647,0.56911755,0.41039312
1458480790389,0.130484,3.804985,7.8475947,0.24074976,-0.05912218,-0.21544974
1458480790569,-2.11827,5.3504424,7.2047515,0.7882957,-0.04181163,0.14327806
1458480790749,-1.6418238,5.94181,8.565256,-0.170176,-0.55553544,-0.53795856
1458480790928,-1.6699557,3.6062663,8.934562,0.25752768,0.44022053,0.1257012
1458480791108,-1.4838065,4.4603977,7.5812397,-0.06471482,0.727043,0.7289072
1458480791289,-1.3245921,5.885546,8.103176,-0.39414784,0.30040458,0.48149952
1458480791469,-1.0851719,2.3403323,8.759187,0.13422333,0.2082592,-0.1736381
1458480791646,-2.4307132,3.8744168,7.457938,-0.0777643,-0.29028457,-0.37896782
1458480791826,-1.5053543,3.1866825,9.437345,-0.51958275,0.1438107,0.16112125
1458480792006,-2.3421278,2.7048495,9.102157,-0.1371528,0.46019423,0.92731273
1458480792186,-0.43514615,2.2122424,10.772711,-0.72437984,-0.09187906,1.3558153
1458480792366,-1.5334862,1.5765818,10.436924,-1.2069446,-0.5044027,-0.42770368
1458480792550,0.089782566,1.6831238,9.444528,-0.9358348,0.3006709,0.27803403
1458480792727,-0.09935937,1.8686744,9.078813,0.16484967,0.103064336,0.20213392
1458480792907,-0.18794483,1.9129672,9.412804,0.17150758,-0.054062173,0.06498113
1458480793083,-0.10115502,1.9566613,9.255983,-0.053795855,-0.04234426,0.07057377
1458480793263,-0.29388827,1.9057846,9.232041,-0.037284255,-0.08042747,-0.13102753
1458480793444,-0.3489549,2.1098902,9.390657,0.045007423,0.016777916,-0.11132014
1458480793623,-0.3585317,2.154183,9.2308445,0.086020105,-0.02956109,-0.12250541
1458480793803,-0.4441244,2.3361423,9.218275,-0.029028457,-0.008788432,-0.030626353
1458480793983,-0.22924481,2.1667526,9.236232,-0.0127831735,-0.016511599,0.0396811
1458480794162,-0.18974048,2.0733786,9.34397,0.023435818,-0.0013315806,0.06098639
1458480794342,-0.25737667,2.2038627,9.320028,-0.044208474,0.04660532,0.06737798
1458480794521,-0.219668,2.2068555,9.196728,0.03169162,0.0479369,0.058056913
1458480794700,-0.24839842,2.2427685,9.303867,-0.026897928,-0.010386328,0.041012682
1458480794880,-0.31004912,2.2750902,9.186552,0.0058589545,-0.03834952,0.050600063
1458480795059,-0.40342298,2.1332338,9.320028,-7.9894834E-4,0.0063915867,0.058056913
1458480795239,0.6488287,2.172738,8.896255,-0.07137272,-0.024767399,0.08495484
1458480795418,0.54168814,2.0500352,9.5013895,0.022370555,-0.1536644,-0.08948222
1458480795598,1.0402806,2.3002293,8.593987,-0.09614012,-0.27696875,-0.71532506
1458480795778,-1.0043676,0.9792285,10.227431,-0.22370553,-0.20186761,-1.2109394
1458480795959,0.91578215,2.1386206,7.9810715,-0.13342437,-0.14674018,-0.99948436
1458480796138,1.9782091,2.6198552,9.26556,-0.16884442,-0.3371562,-0.6069344
1458480796317,1.0749966,3.4542346,9.561843,-0.4167847,0.24394555,-0.757403
1458480796498,0.08200141,-0.82599956,13.131,0.1717739,0.16538231,-0.639425
1458480796678,-0.57999533,0.95109665,8.905233,-0.45566687,-0.45912898,-0.45699844
1458480796858,-0.5351041,2.689287,8.423999,0.30360037,-0.20905815,-0.61598915
1458480797036,0.6290765,3.6134489,9.60015,0.07829694,-0.12010857,-0.77444726
1458480797215,1.4652514,2.3822308,8.238448,-0.03009372,-0.29960564,-0.5699165
1458480797396,-0.81043726,2.2278047,8.076839,0.21891184,-0.07962852,-0.47617322
1458480797574,0.22864626,1.2934675,9.591172,-0.21065605,0.04474111,0.09187906
1458480797753,-0.3286042,1.22224,9.457097,-0.007456851,-0.17603496,0.79681784
1458480797934,0.25258827,2.5264814,9.347562,-0.20080236,0.34887412,0.57311225
1458480798112,0.59735334,2.517503,8.847773,-0.0127831735,0.4822985,1.2405005
1458480798292,-0.19393034,1.6609775,9.424775,-0.02263687,0.2806972,1.4719292
1458480798472,-0.789488,1.0516531,9.269751,-0.02130529,0.57124805,1.6050872
1458480798651,-1.8962077,0.7685388,9.9233675,-0.06498113,0.2841593,2.1337247
1458480798831,-0.32441434,1.8381484,8.925584,0.2860235,0.28575718,1.7773937
1458480799011,0.110133275,1.5131354,9.4774475,0.0743022,0.5139901,1.1009508
1458480799190,0.8110358,2.7096379,9.095572,0.03888215,0.23116238,1.0394318
1458480799370,0.53929394,2.0931308,8.793902,-0.19680761,0.15526229,0.5834986
1458480799549,0.9540894,1.134253,10.01315,-0.17443706,0.041279,0.85327685
1458480799730,0.7182605,0.92176765,9.828796,-0.40772998,0.40559945,0.042077947
1458480799911,-0.10594343,0.21906945,9.059061,-0.23276028,-0.46152583,0.16484967
1458480800089,0.63206923,0.54647654,9.3499565,-0.05912218,-0.016245283,0.66206187
1458480800268,0.2896984,0.5919664,9.413403,-0.06098639,-0.13848437,0.31771514
1458480800447,-0.45968673,-0.09816227,9.866506,-0.31771514,-0.023702133,0.6708503
1458480800627,0.107739076,1.2886791,8.743026,-0.10839066,-0.0958738,1.0271813
1458480800806,0.6703765,-0.7733272,9.975441,-1.1366372,0.8828379,-0.30280143
1458480800986,2.2290018,-3.008913,9.17099,-0.3635215,-0.36272255,1.0599382
1458480801166,1.941099,-1.8243817,8.903438,0.5542038,0.023169503,0.07882957
1458480801346,1.0486604,0.19871874,8.210915,0.3584615,0.010652645,0.8759137
1458480801525,-0.5129577,-2.0853498,11.894993,-0.35633096,-0.14168017,0.5952165
1458480801705,-1.8513165,-0.7038953,5.9244523,-0.55127436,0.061252706,0.91452956
1458480801884,1.1959038,-0.21906945,8.751406,1.5592809,-0.015180019,0.6295713
1458480802064,1.4317327,0.32561144,11.04565,0.3289004,-0.1257012,1.5185345
1458480802243,0.29209262,-1.174356,8.969278,-0.406931,-0.05352954,0.15339808
1458480802423,-0.05865794,0.08259996,7.7147164,0.65007764,0.095074855,-0.5057343
1458480802602,0.6368576,-0.077213004,10.962451,0.50786483,-0.12516858,-0.05006743
1458480802783,-1.8381484,0.09935937,7.328053,-1.1169298,-0.1307612,1.0636666
1458480802962,3.1890767,-0.52133745,9.172187,1.2735237,0.6261092,0.4958806
1458480803141,0.6362591,2.0248961,10.75655,0.06524745,-0.36671728,1.3329122
1458480803321,0.7823054,-1.3371617,8.630499,-0.15419704,0.27031085,-0.76752305
1458480803501,-0.56682724,0.08619126,7.5052238,0.59388494,0.038615838,-1.3853765
1458480803680,0.5177461,-2.11827,12.908339,0.2862898,-0.46339005,-0.22956449
1458480803861,-2.484583,1.3210008,6.643311,-1.1763183,0.49747851,1.3550164
1458480804039,4.698621,0.74998367,9.761759,1.1342404,0.6111955,0.75127774
1458480804219,3.1322143,-1.459266,10.776301,-0.21118867,-0.5547365,1.2857742
1458480804398,0.2885013,-0.074220255,7.731476,0.43675843,-0.22397186,-0.30120352
1458480804578,-0.8206126,1.5286977,8.606557,0.70653665,-0.31691617,-0.44741106
1458480804759,2.0524294,1.2204443,9.982624,0.5784386,0.12170646,0.17550232
1458480804937,0.9367314,2.4253263,8.7532015,0.31824777,0.4016047,0.5075985
1458480805131,1.9620483,1.8896236,12.913726,-0.4596616,-0.3107909,0.9100022
1458480805298,1.1438298,1.3120226,6.5188127,-1.3044163,-0.505468,-1.2431636
1458480805477,-1.3748703,2.0614076,11.57836,-0.06791061,-0.7664578,-0.09081379
1458480805655,0.50757074,2.5719712,9.534309,-0.42876893,-0.23355924,0.18588865
1458480805836,2.6515784,2.5013423,8.034343,0.5840312,-0.23888555,0.0031957934
1458480806031,3.8744168,2.1386206,8.833407,-0.11265171,0.16937704,1.2508868
1458480806194,1.4095862,2.973,8.517971,0.14594123,-0.058056913,1.5014902
1458480806374,0.56682724,1.6136919,11.071986,0.14913702,0.34434673,-0.3438141
1458480806554,0.439336,1.6891093,9.657611,-0.50626695,-0.1025317,0.4663195
1458480806733,0.480636,2.9700072,8.794501,0.34115094,1.2455604,1.0045444
1458480806914,-0.1328782,3.2956185,9.330803,0.23036344,0.32410672,0.3888215
1458480807092,-0.12808979,3.5978866,7.967903,0.47830373,0.40719733,0.09054748
1458480807272,-1.4047978,4.221576,8.447941,0.29694247,-0.011984225,-0.03781689
1458480807452,-2.2541409,3.994127,8.428787,-0.27803403,-0.017576864,-0.014114754
1458480807635,-1.8291701,3.7834373,9.046491,-0.35792887,0.6087986,0.12836437
1458480807811,-2.3948002,3.894169,8.294712,-0.41438788,-0.08841695,-0.045540057
1458480807991,-1.988983,3.6978445,8.574235,-0.090014845,0.12516858,0.09933591
1458480808170,-1.6986861,3.855862,8.612542,2.663161E-4,0.08442221,-0.007456851
1458480808349,-1.5448587,4.793192,8.020576,-0.026631612,-0.0053263223,0.07643273
1458480808528,-1.4460979,4.623802,8.2516165,0.21758026,0.16538231,0.14753912
1458480808708,-1.745373,4.7937903,8.600571,-0.015446335,-0.15286545,0.03568636
1458480808889,-1.965041,4.184466,9.168595,-0.06924219,-0.0644485,0.123038046
1458480809068,-3.2435448,2.7036524,7.6069775,-0.29134983,-0.025566347,-0.07350325
1458480809248,-1.2599486,3.5595794,8.763975,-0.24873926,-0.040213734,0.72278196
1458480809428,-0.88645315,3.2375593,10.221446,0.5840312,0.7768441,0.35233623
1458480809607,0.2621651,1.2180501,8.486248,-0.28149614,-0.6378271,-0.009853696
1458480809787,-0.29747957,2.5863364,6.7342906,1.2567457,-0.65460503,-0.61412495
1458480809967,-0.48841715,3.132813,9.278131,0.5139901,-0.28682247,-0.12010857
1458480810146,-0.92176765,0.6404489,7.964312,-0.6937535,0.25246766,0.78110516
1458480810326,0.54887074,1.882441,8.62152,0.99442434,-0.38109836,-0.16777915
1458480810506,1.0636241,4.900931,9.975441,-0.64768076,0.07590009,1.6114788
1458480810685,-0.19871874,1.8866309,7.565677,0.40772998,-0.05672533,-0.99469066
1458480810864,-1.0827777,2.392406,7.550115,0.5635249,0.20879184,-1.0804445
1458480811045,0.8098387,5.171476,8.540117,0.35739622,-0.48629323,-0.14460965
1458480811223,-3.1202433,3.2016463,6.1530986,-0.4396879,0.69481874,0.6676545
1458480811403,0.29029694,3.0897174,8.809465,2.0295951,0.18722023,-0.96299905
1458480811582,-0.7697359,5.7502737,10.943896,-0.20905815,-0.06737798,0.6527408
1458480811762,0.16819267,3.551798,7.6009917,-0.13475595,0.14460965,-0.1025317
1458480811942,-0.8870517,2.4241292,7.74225,-0.32330775,-0.20746025,-0.46711847
1458480812121,-2.0871453,3.8175547,11.426927,0.37417415,-0.028495824,0.20080236
1458480812301,-2.3277626,5.0798974,9.815628,-1.1659319,0.6780408,1.536644
1458480812481,-1.09834,2.284667,8.10557,0.11957593,0.94808537,1.034638
1458480812660,-1.6573862,3.317765,8.640674,0.79069257,0.31691617,0.24367924
1458480812840,-0.026934769,4.152743,8.480861,0.013315806,0.7816378,1.2359731
1458480813020,-0.6015432,4.197634,8.395268,-0.041012682,0.76912093,1.1411645
1458480813201,-0.16998832,4.0497923,7.5243773,0.060720075,0.7094661,1.5278555
1458480813378,-0.044292733,4.4161053,8.265982,0.024767399,0.7190535,1.773399
1458480813558,-1.775899,1.5280992,9.520543,-0.35952675,1.091896,2.2828617
1458480813738,-1.1617863,3.6002808,7.827244,0.01304949,0.42397526,1.6615462
1458480813918,0.28909984,4.3329067,8.372523,-0.38136467,0.91133374,1.8767296
1458480814096,-0.3250129,3.74094,11.572374,-0.54648066,0.6378271,1.6274577
1458480814276,-1.4610616,3.6487634,7.8793178,-0.32117724,-0.002396845,0.0077231675
1458480814456,0.5662287,3.0615854,8.553286,0.61598915,-0.027164243,-0.13422333
1458480814635,-1.4101849,5.2301335,8.4647,0.033289514,-0.060720075,0.1323591
1458480814820,-3.3848026,2.7724855,7.5070195,-0.082025364,0.3355583,0.83223784
1458480814995,0.30406362,4.404134,7.1209545,1.8117485,0.32490566,-0.1206412
1458480815176,1.1300632,6.4978633,10.664372,-0.46205845,0.84368944,1.4301175
1458480815354,-0.6464345,2.243367,9.481039,-0.21331921,-0.020240024,-0.5603291
1458480815533,-1.3688848,3.3638535,7.180211,0.36272255,-0.69508505,-0.9685917
1458480815713,-0.75357497,4.9996915,11.628637,0.5885586,-0.31505197,-0.44794372
1458480815893,-1.8088194,4.9338512,5.915474,-1.8106833,0.99069595,0.8277105
1458480816072,4.550779,2.2744915,9.12131,1.3651364,0.09773801,-0.36325517
1458480816252,1.0588357,2.473809,12.564172,-0.61199445,-0.20186761,0.3304983
1458480816432,1.062427,1.4939818,7.111976,-0.67537767,0.44474792,-0.66152924
1458480816612,-0.30166942,2.9879637,9.015965,0.572047,-0.6332997,-1.0365024
1458480816792,1.7591397,0.10115502,10.830172,0.19387813,0.025033714,-0.44448158
1458480816971,-0.40641573,4.687248,6.9916677,-1.2282499,-0.5302354,0.19121496
1458480817150,-0.48722005,4.964976,10.283695,-0.5744439,0.24847293,0.48709217
1458480817331,0.8643068,3.0113072,7.1646485,1.0088054,-0.21624869,-1.4658039
1458480817510,-0.29328972,3.29502,7.9116397,0.37230992,-0.37337518,-1.1672635
1458480817689,-1.3467385,4.5358152,8.674192,-0.21225394,-0.77258307,-0.75394094
1458480817868,-0.38726214,2.2164323,10.065823,-0.0015978967,-0.123038046,0.63649553
1458480818048,0.83018947,3.5913026,7.2628107,0.35579833,0.09933591,-0.5749765
1458480818228,1.6478093,5.3474493,11.0061455,0.084155895,0.091080114,0.8828379
1458480818406,-0.08379706,3.0544028,9.461287,-0.09321064,-0.10279802,-0.43249738
1458480818587,-0.6003461,5.127183,7.8691425,-0.06338324,-0.13901702,-0.41092578
1458480818766,1.0851719,6.069301,8.1756,0.9195895,0.05139901,0.6609966
1458480818947,-1.0474633,5.33488,7.0634937,-0.4822985,0.24501082,0.66525763
1458480819126,1.1522095,5.029619,6.9437833,0.29960564,-0.021837922,0.088150635
1458480819307,0.11252748,3.1543608,10.341156,-0.029827405,0.12756541,-0.23409186
1458480819485,0.4201824,0.66738373,7.9529395,-1.5339808,0.0031957934,-0.6346313
1458480819667,-4.2850223,2.1517887,9.801263,-0.8671253,0.32836777,-1.5092134
1458480819844,-3.2962172,2.3918076,9.288904,-1.1459582,-0.12756541,-1.0170612
1458480820023,-3.4680011,0.017956512,8.567651,0.24580978,-0.0958738,1.3374395
1458480820203,-0.3669114,0.8463503,11.171345,0.12996227,0.74115777,0.6870956
1458480820383,0.16460137,0.7110779,11.061212,3.0088394,-1.4724618,-0.49774483
1458480820562,-2.7443538,-0.2621651,8.491635,-0.5866944,-0.19520971,-1.2913668
1458480820742,-3.6523547,0.91817635,7.213131,0.22237396,0.5539375,-0.62717444
1458480820922,-0.350152,-4.0916905,14.050971,0.19734024,-1.0500845,-0.59095544
1458480821102,0.2753332,-1.0223241,9.440936,1.3046826,-1.3254553,2.13479
1458480821281,-0.587178,1.5526398,6.87914,0.99282646,0.2761698,1.1134677
1458480821461,-1.2749124,-0.16340427,6.0860605,0.20559604,0.84581995,-1.1598067
1458480821640,-0.7386112,-3.0244753,12.221203,-0.084155895,0.706004,0.18242654
1458480821820,-0.6027403,-1.0642227,9.542689,-0.20426446,0.24554345,-0.56725335
1458480821999,-1.198298,-0.46327803,9.455301,0.84848315,0.62983763,-1.8775285
1458480822179,-1.9321208,-0.31064767,8.871116,0.32730252,0.1965413,-0.38083205
1458480822359,-3.655946,0.3226187,7.067683,0.37071204,0.7366304,-1.7739316
1458480822538,-1.3724761,1.5280992,8.574833,-0.47351006,0.2841593,0.20959078
1458480822718,-3.970185,2.1942859,9.46847,0.5403554,-1.2764531,-1.2463595
1458480822897,-4.0779243,2.337938,7.065289,0.41039312,-0.2892193,-2.4122913
1458480823095,-1.6214731,3.8923733,8.121731,0.36618465,-0.62317973,-1.4602113
1458480823258,-1.6011224,-1.6627731,12.498331,-0.23409186,-0.2806972,-0.2612561
1458480823437,1.8680758,-0.30466217,9.854534,-2.5888588,0.19787288,-3.2969935
1458480823619,-1.7717092,1.2785037,6.607398,1.087635,-0.8940232,-1.2351742
1458480823800,-1.2593501,-2.4678235,12.41214,-0.19201392,0.15792546,-0.7824367
1458480823974,1.2611457,-0.47405192,8.89446,0.32037827,0.36991307,-0.62983763
1458480824154,0.7164649,-0.040102877,9.67018,1.4287859,-0.72943985,-1.0394318
1458480824334,0.30645782,0.44592008,11.745954,-1.0703244,-0.8586032,-2.7846012
1458480824514,0.12509704,1.2886791,8.594585,-0.079095885,-0.40746364,-0.98883176
1458480824695,-0.7134721,0.059855044,7.6165543,0.16085494,-0.32490566,0.4612595
1458480824872,-2.019509,0.11372458,8.126519,0.5952165,0.24074976,0.14674018
1458480825052,-3.4919431,-1.7549498,9.287707,0.027164243,0.4708469,1.2170646
1458480825233,2.2786815,-2.9831753,9.088389,-0.7163904,-0.3406183,2.6173549
1458480825412,-2.2894554,-4.923676,8.692748,-0.13768543,-1.1294466,3.0897996
1458480825591,-1.3311762,-4.2221746,9.935937,0.14168017,0.41252366,3.8301582
1458480825771,0.717662,-5.368997,10.780492,-0.2695119,-0.37470677,3.7273602
1458480825951,-0.11192893,-1.863886,9.059061,-0.77205044,-0.14008227,1.7917749
1458480826130,-4.5645456,-6.005256,8.1720085,-0.98750013,0.18429075,2.4354608
1458480826310,-7.439383,-4.140772,8.246229,-2.1132183,-0.18402444,3.4770231
1458480826489,-3.2722752,-0.6404489,6.7001734,-1.2455604,-0.75447357,2.619219
1458480826669,-3.5541923,-1.2294226,6.3913217,0.02743056,-1.3124058,2.3044333
1458480826848,-3.4326868,-4.9458222,10.360908,-0.43542686,-0.4788364,1.9012307
1458480827028,0.8218097,-5.191228,6.669647,-1.1044129,-0.4495416,1.3262542
1458480827217,-0.05925649,-5.5096564,9.137471,-2.1017668,-1.6168051,1.1369035
1458480827387,-3.870227,-8.464102,10.897209,-0.40373522,0.38376153,-0.8564726
1458480827567,0.25617957,-6.731298,9.451111,-1.805357,-0.5305017,0.4612595
1458480827746,7.3747396,-4.9081135,5.3522377,1.5962988,-0.8109326,0.16431704
1458480827928,-4.1371803,-8.708909,14.712968,-0.04181163,0.28682247,-1.3299826
1458480828106,-0.25019407,-0.3561375,0.31902736,2.5976474,0.7187872,-0.52650696
1458480828285,2.331354,-6.0585275,13.18846,-0.7438209,0.30466563,0.10333065
1458480828466,-0.825401,-5.8454432,7.023989,-2.6517096,0.77924097,2.489523
1458480828649,-2.8311436,-5.4737434,9.978435,0.45833004,-0.08894958,-1.8069549
1458480828824,-6.18123,-5.088876,7.5375457,-0.2977414,-0.28682247,-0.6676545
1458480829004,-10.495582,3.9971197,9.012972,0.5275722,-0.81226414,0.16591494
1458480829182,-2.992752,0.034715924,9.811439,0.64528394,3.359578,1.9126823
1458480829363,-6.8761473,-4.137779,7.6907744,2.406166,-1.0404971,-2.2221417
1458480829542,-6.0926447,0.62847793,2.8856115,-0.23462449,0.7771104,-1.000816
1458480829724,0.23523031,-3.8720226,10.269928,-0.1898834,-1.7584853,1.4191985
1458480829901,3.2148144,-3.7433343,11.832145,-0.49694586,1.0045444,0.6940198
1458480830082,-4.644751,-3.7427359,6.8486137,2.0751352,-0.7584683,-2.6373284
1458480830261,-6.345233,3.2453403,2.3888147,0.03089267,1.0040118,-0.39787626
1458480830440,3.4584243,-0.5907693,8.974067,0.6870956,1.0610034,2.0660803
1458480830621,-2.7192147,-4.5358152,16.783953,-0.94808537,1.3201289,0.6348976
1458480830801,-0.6895301,-5.107431,5.168483,2.031193,0.23675503,-1.3411679
1458480830979,-5.031415,0.46387658,5.919664,-0.9057411,-0.41971418,-0.6956177
1458480831159,2.2050598,-0.04309563,7.9128366,-0.22530343,-0.54674697,1.8660771
1458480831339,-0.56203884,-3.5152867,15.60421,-0.0031957934,1.6295882,0.037284255
1458480831519,-7.3789296,-5.677251,6.7767878,1.2516857,0.34514567,-0.9829728
1458480831697,-6.5744777,-0.9684546,10.560823,-0.054062173,0.92997587,0.30306774
1458480831877,4.2969937,-3.9558198,6.7468605,0.64341974,0.8279768,1.8117485
1458480832058,-2.5192988,-3.0148985,13.934853,-2.382464,-0.48522797,1.2210594
1458480832237,-4.3077674,-3.3716345,6.439804,2.0064256,-0.8157263,-0.83729786
1458480832417,-7.5692687,-4.4238863,9.098565,-1.4639397,-0.40107206,0.14567491
1458480832596,0.5009867,0.10474633,8.634688,-0.23169503,0.61572284,2.8977857
1458480832775,-0.38307226,-2.8377275,8.967483,-0.24314661,1.1076087,0.46525425
1458480832955,-1.4796166,-2.2146366,9.090185,0.6215818,-0.38802257,-0.43409526
1458480833136,-3.365649,0.729633,8.327033,1.7257284,-0.31984565,-0.88443583
1458480833314,-3.2076318,-0.8870517,10.76852,0.39148468,-0.8511463,0.8588695
1458480833493,-3.7307649,3.0137014,7.4848733,-0.22370553,0.68869346,1.1203918
1458480833673,1.287482,4.2173862,9.003994,0.54195327,0.79069257,1.5238608
1458480833852,1.6843209,3.2758665,6.71394,1.0548781,0.63676184,0.26658243
1458480834032,-0.12270284,2.3666685,8.397064,-0.1123854,0.16245283,-0.9920275
1458480834212,-1.1390414,5.2804117,9.207501,-0.05352954,-0.13315806,-0.46525425
1458480834392,-1.7866731,4.3239284,7.080253,0.5028048,0.4327637,0.13662016
1458480834571,0.7044938,3.288436,8.628703,0.58909124,0.14327806,0.07643273
1458480834752,-2.5432408,4.730344,11.155185,0.15393071,-0.5291701,-0.43382895
1458480834930,-0.9032126,2.337938,7.9607205,0.93157375,-2.1142836,-3.055711
1458480835110,0.6973112,5.591658,9.886856,0.47670585,-0.2615224,-0.15446335
1458480835290,-0.694917,5.2702365,4.6579194,0.5635249,0.6282397,0.19467708
1458480835469,-1.6071079,5.118803,6.338649,1.0535465,0.12783173,0.175236
1458480835650,1.9369092,4.248511,9.039309,-0.62078285,-0.28043085,0.038615838
1458480835829,0.7092823,4.643554,8.737639,-1.5137408,-0.18668759,-0.37577203
1458480836008,0.92535895,2.0135236,9.144054,-0.81918836,0.753142,0.19041602
1458480836188,-1.5951369,3.4632127,9.78989,0.35127094,0.0018642128,0.33103094
1458480836366,-0.7661445,0.6194997,5.7867856,0.59841233,0.29854035,-0.38562572
1458480836547,0.37588966,0.8242039,9.229049,0.26658243,0.070041135,0.30972564
1458480836726,-0.6973112,4.0557775,10.922348,-0.7621967,-0.13102753,1.4935007
1458480836907,-0.7667431,-1.4766239,7.3591776,0.5496765,0.22024342,-1.0143981
1458480837086,-1.4502877,1.2108675,8.046313,-0.6087986,-0.5898902,0.49614692
1458480837266,-0.15083471,0.31244332,10.360908,0.4498079,0.69002503,0.6860303
1458480837444,-0.9744401,-1.1552023,10.58297,-0.5025385,0.2806972,2.231729
1458480837625,-2.1918917,-1.5634137,9.5492735,-1.0237192,-0.44315,0.96113485
1458480837805,-1.7238252,-1.091756,8.76637,-0.027963191,0.21411815,0.01917476
1458480837984,-1.2515689,-2.7323828,9.546281,-0.22743396,0.15739283,-0.16831179
1458480838163,-0.53330845,-1.9620483,9.332599,-0.37550572,0.0644485,0.26232138
1458480838343,-1.1318588,-1.6651673,9.26197,-0.04261058,-0.05885586,0.29640985
1458480838522,-1.8171991,-1.1959038,9.609129,-0.04261058,-0.08894958,-0.18056233
1458480838702,-0.8583213,-1.3934253,8.942344,0.2905509,-0.16165388,-0.0063915867
1458480838882,-0.6386533,-1.1911154,9.900622,-0.15659387,0.05352954,0.5850965
1458480839061,-0.87927055,-1.4059949,8.768166,0.06098639,0.16005598,0.13289174
1458480839241,-0.91099375,-1.0408791,9.840768,0.1587244,-0.087618,0.07057377
1458480839420,-1.6424223,-0.52732295,8.638878,-0.03195793,-0.011717909,0.09347696
1458480839600,-1.9800048,-1.2521675,10.014347,-0.13901702,0.2972088,0.41891524
1458480839780,-2.7682958,-1.5460558,10.005369,-0.25379926,0.128897,0.27670243
1458480839959,-3.0472202,-1.614889,9.441534,0.24873926,-0.13422333,0.19307919
1458480840138,-1.5149311,-1.3335704,9.4696665,0.21172132,-0.33981937,0.94568855
1458480840319,0.16639702,-0.86849666,9.816826,0.26045716,-0.783502,1.1265172
1458480840498,1.2826935,0.94451255,9.065644,0.53795856,-0.360592,0.79681784
1458480840678,2.5558102,1.2497733,8.492233,0.6468818,0.34194988,1.6551547
1458480840857,2.9532478,2.5073278,8.688558,0.51691955,0.051132694,2.4242756
1458480841037,1.8016368,3.6194344,8.631696,0.19760656,0.02743056,1.9776635
1458480841216,0.6344634,-0.16460137,11.652579,0.5067996,0.36218992,0.9901633
1458480841397,1.6950948,1.6226702,9.606734,-0.20026971,0.3821636,1.8359833
1458480841576,3.1794999,3.9055414,8.572439,-0.010120012,0.34860778,1.2133362
1458480841756,1.3521254,5.8843493,10.129269,-0.17550232,-0.38402784,-0.21571605
1458480841935,2.0362685,3.655946,8.174403,0.9347696,-0.29454562,-0.17337179
1458480842115,3.0831332,3.1944637,8.535928,1.4274544,-0.4660532,0.9510148
1458480842294,3.25791,4.4125137,7.2430587,0.04261058,0.18002969,0.4114584
1458480842473,5.144541,4.9745526,6.775591,-0.17550232,0.19307919,0.34514567
1458480842653,2.5845408,2.7647045,8.135497,-0.45859635,-0.60533655,-0.24208134
1458480842833,2.657564,3.8498764,9.533711,0.18242654,0.3536678,-0.50626695
1458480843012,1.0540473,5.4222684,9.056666,-0.20959078,-0.31372038,-0.0479369
1458480843192,-1.283292,4.1659107,7.914034,0.21678132,0.5787049,1.3848438
1458480843372,3.2986114,4.159327,7.9768815,0.57817227,0.9653959,1.1515509
1458480843551,4.0258503,0.7188591,11.021708,0.2282329,0.6508766,0.80800307
1458480843731,0.9475053,3.127426,7.566276,-1.0703244,0.54674697,-0.40586576
1458480843912,-0.4357447,3.1920695,8.429385,-0.18908444,-0.5251754,-0.34248254
1458480844090,0.5781997,1.2695254,11.019912,0.18162759,0.19973709,0.0479369
1458480844270,1.1569979,2.554613,6.4882865,-0.7555388,-0.10865697,0.35473305
1458480844449,3.769072,2.6258407,11.176732,-0.5970807,-0.0063915867,0.8205199
1458480844629,-1.1019313,0.25737667,9.355343,0.08655274,0.14247912,-2.15503
1458480844808,-1.572392,0.0077811554,9.579201,0.56725335,-0.2213087,-1.5201324
1458480844989,-1.1234791,0.6123171,11.011532,0.13635385,-0.29960564,-0.71505874
1458480845169,-0.4213795,1.5382746,7.99005,-1.5342472,-0.20772657,0.28549087
1458480845348,-1.3670892,0.8571242,8.488044,-0.35313517,-0.05885586,0.118776985
1458480845527,-0.5327099,-0.7637503,5.931036,0.40746364,0.1984055,-0.93796533
1458480845707,1.6328455,0.9756372,17.436972,0.22104238,0.58935755,-1.1400993
1458480845887,-2.1709423,4.009091,3.9594111,0.23062976,-0.07803062,0.43995422
1458480846066,-1.0115502,2.6599581,13.940838,1.638643,0.85966843,-1.1406319
1458480846246,-2.2301989,2.3277626,6.6391215,0.17550232,-0.5107943,0.78323567
1458480846426,-0.62009823,2.2026656,12.879009,0.28442562,0.24474451,-0.66552395
1458480846604,-1.726818,1.9297266,7.1909847,-1.6018914,-0.46472162,0.6279734
1458480846795,-1.4820108,-1.6262615,14.541184,0.48469532,0.4293016,0.4860269
1458480846964,-0.8559271,3.2555158,6.3344593,-2.7105653,-0.5302354,1.6269251
1458480847143,0.6805518,0.4309563,13.515867,-0.6625945,0.17044231,-0.123836994
1458480847322,-0.24839842,-1.0791864,7.73806,0.21891184,0.24234766,0.37444046
1458480847502,0.7625532,2.1212628,9.448717,0.9757822,0.6849651,-0.27324033
1458480847682,-2.0721815,3.1549592,6.143522,0.1073254,-0.22716765,1.6948358
1458480847863,1.6406267,0.18674773,12.040441,1.2559468,1.5704662,-2.09937
1458480848041,-1.103727,0.23942018,5.2905874,0.85354316,0.5765744,-0.07856325
1458480848221,0.25378537,3.9264908,10.046669,1.0354371,-0.08442221,-0.14061491
1458480848402,-2.6557682,3.4763808,5.0942626,-1.2556804,-0.42237735,1.4133396
1458480848581,0.054468088,-3.1717186,15.85201,0.8290421,0.45220476,-0.6562029
1458480848759,-2.207454,2.9825768,6.694188,-1.4575481,0.049801115,1.5470303
1458480848940,0.047884032,-0.97623575,9.895236,0.8072041,0.26897928,0.2394182
1458480849120,-0.108337626,1.7160441,7.2723875,-1.4900386,-0.4213121,-1.2663331
1458480849300,-0.5033809,-1.9812019,8.421006,1.2367721,-0.4543353,-0.45007423
1458480849479,-3.4811692,2.2439656,11.932701,-0.9302422,0.360592,0.5211806
1458480849657,-3.4685998,2.9484594,6.652888,-0.051931642,0.23382555,1.257811
1458480849837,2.078167,0.4782418,7.012018,1.3318468,1.3608754,-1.1952267
1458480850018,-0.075417355,-3.229778,6.6750345,0.008255799,-1.6708673,0.33662358
1458480850197,-1.7615339,-2.630629,19.151817,-0.13848437,-1.7257284,0.16218652
1458480850376,-2.6623523,5.6748567,5.547365,-2.5150893,0.32357407,2.2192123
1458480850556,3.5745432,-2.9083564,8.937555,1.2996227,0.86659265,-0.030626353
1458480850736,-1.5316905,-3.5913026,5.1050367,-0.15100123,-1.9931098,0.24767399
1458480850916,0.17657238,-5.849035,19.612701,-0.0777643,-1.6229304,1.0189254
1458480851095,-0.5506664,0.8182184,7.6069775,-3.00591,-0.6487461,1.5318503
1458480851274,-1.1091139,-0.3854665,7.7727757,0.58269966,-1.3795174,1.8998991
1458480851453,-1.4640543,2.9508536,5.961562,2.7651603,0.49428272,-0.9243832
1458480851645,-1.4257472,0.42197806,14.165295,0.41785,0.16325177,1.3712617
1458480851812,-2.7180176,1.09834,7.3819222,-1.4900386,1.2879047,1.6365125
1458480851992,4.185663,3.1435869,10.746374,0.25885928,2.0197413,2.6354642
1458480852172,-1.4514848,0.41718966,10.316016,-0.40506682,0.40559945,0.34434673
1458480852352,-3.2728736,1.6460136,6.7229185,1.6628778,-0.91160005,-2.0652814
1458480852531,-3.7541082,2.8311436,6.099229,-0.1371528,-1.0769824,-1.0133328
1458480852711,0.039504327,0.142455,11.385028,-1.2010857,-0.04873585,0.5299691
1458480852891,0.7793127,0.4950012,9.596559,-1.4607439,-0.27510455,0.82877576
1458480853070,0.7074866,-2.094328,14.0952635,0.58269966,0.13475595,0.80374205
1458480853250,-2.7048495,-0.26515785,7.390302,-0.30466563,0.8279768,-1.9827235
1458480853430,-2.5851393,-0.3669114,8.587403,0.8671253,-0.40266997,-0.82557994
1458480853610,-0.84455466,1.9829975,8.540117,0.4016047,-0.008522116,0.38482678
1458480853788,-2.6964695,3.7630866,7.8487916,-0.25672874,-0.42264366,0.8295747
1458480853968,0.52133745,3.6888664,10.071808,-0.5336975,0.33795515,0.92092115
1458480854148,-5.527613,3.229778,11.53706,-1.0434265,-0.22610238,-0.09960223
1458480854327,-1.905186,1.4556746,8.079832,1.1217234,-0.5363607,-0.64768076
1458480854507,-0.3184288,2.9867666,9.124901,1.3257216,-0.11451593,-0.05752428
1458480854686,1.1270704,3.74094,8.189367,-0.05352954,-0.32517198,1.0428939
1458480854866,0.81642276,3.0131028,7.6847887,-0.03089267,0.42424157,1.0253171
1458480855046,-1.946486,-0.29508537,13.463195,0.5864281,0.7566041,0.799481
1458480855225,-5.4085016,3.4554317,9.825205,-1.2354405,0.9006811,1.7132115
1458480855405,-2.3014264,2.0308816,7.1634517,0.03701794,1.1917646,1.0410297
1458480855584,1.4736311,1.9081788,10.639234,-0.18668759,0.60906494,1.7507621
1458480855767,-0.9103952,2.3558946,6.7690067,-0.8892295,-0.32783514,1.887116
1458480855944,-1.8177977,2.5983074,8.942942,0.32330775,-0.091080114,0.19068234
1458480856123,-1.0163386,-0.15143326,9.948506,-0.20799288,0.5142564,1.8575549
1458480856302,-2.9873652,1.6124948,8.145673,-0.8178568,-0.19014971,1.2588763
1458480856482,-1.1905168,0.9427169,7.6985555,0.39041942,0.74675035,0.59095544
1458480856675,0.79248077,2.9999347,10.7769,0.054328486,-0.381631,0.9893644
1458480856841,1.8489223,5.8681884,13.618818,1.107076,-0.7435546,0.8836369
1458480857021,-0.98222125,5.86759,5.9118824,-1.7808559,0.049801115,0.7259777
1458480857201,-0.58538234,5.427655,7.1353197,-0.11052119,0.015180019,-0.77391464
1458480857382,0.8074445,2.0374656,9.069835,0.7888283,-0.18775286,0.4924185
1458480857560,0.44352585,2.1416135,9.23683,-0.742223,-0.16564862,-0.14966966
1458480857740,-0.4950012,2.979584,9.941324,0.1486044,-0.20453078,-0.6103965
1458480857920,0.048482586,3.7283707,8.013991,0.20905815,-0.048469532,-0.022903185
1458480858099,-0.6404489,2.15957,10.271724,0.009321064,0.42424157,-0.055926383
1458480858279,0.51235914,1.9195513,9.764751,-0.91186637,-0.4295679,0.47484162
1458480858458,0.66259533,1.1528081,9.06744,0.2298308,0.013315806,0.22370553
1458480858638,0.7763199,1.2372037,9.0237465,-0.597347,0.18855181,0.48336375
1458480858818,0.34356794,2.345719,8.901642,0.5057343,0.45593318,0.13342437
1458480858997,-0.96187055,3.3692403,9.467272,0.8021441,0.38056573,-0.1025317
1458480859177,-0.8948329,3.107674,9.248202,-0.10679276,-0.34514567,-0.1107875
1458480859356,-0.65062433,3.544017,8.689755,-0.05006743,0.0058589545,0.04660532
1458480859536,-0.9235633,3.2615013,8.891466,0.23888555,0.19973709,-0.00479369
1458480859716,-0.8762778,2.8736405,9.185355,-0.08735169,0.08229168,-0.018375812
1458480859894,-1.0253168,3.1471782,9.033921,-0.08841695,-0.021837922,0.025832662
1458480860075,-0.81761986,2.9933507,9.234436,-0.03834952,-0.04527374,0.01304949
1458480860254,-0.91458505,3.2519245,8.929773,-0.066046394,-0.011185277,0.060453758
1458480860434,-0.7793127,2.7491422,9.202114,-0.07163903,-0.083090626,0.05752428
1458480860617,-0.7733272,3.2435448,9.2494,-0.01784318,0.016245283,0.11930962
1458480860792,-0.82001406,3.1735144,9.150639,0.07057377,0.0015978967,0.052464273
1458480860972,-0.80445176,3.2722752,8.882488,0.13209279,0.040213734,0.05486112
1458480861151,-0.84335756,3.229778,8.882488,0.011185277,0.012516857,0.005060006
1458480861333,-0.89603,3.280655,8.844181,-0.027696876,0.002130529,0.03834952
1458480861510,-0.7350199,3.0202854,8.92738,-0.07563378,-0.054328486,0.028495824
1458480861690,-0.8242039,3.2225955,8.714894,-0.04873585,-0.038615838,0.039947417
1458480861870,-0.705691,2.9759927,8.97646,-0.050866377,-0.01304949,0.061252706
1458480862050,-0.741604,2.8862102,9.305663,-0.06098639,-0.072970614,0.10892329
1458480862230,-0.10474633,2.3397336,9.251794,-0.027963191,-0.08868326,0.103064336
1458480862409,-0.51475334,2.9239187,8.891466,0.032490566,-0.0010652645,0.087085366
1458480862588,-0.7260417,3.084929,9.037513,0.010386328,0.047670584,-0.008788432
1458480862768,-0.8170213,3.156755,8.9363575,0.072970614,0.06391586,0.011185277
1458480862953,-0.90021986,3.0891187,8.818443,0.08575379,0.066312715,0.018642128
1458480863127,-0.5662287,2.8963854,8.793902,0.039414786,0.01917476,0.02396845
1458480863311,-0.8948329,3.2932243,8.828619,-0.19014971,-0.045007423,0.08282431
1458480863486,-0.18974048,2.4839842,9.506777,0.010652645,0.007190535,0.0777643
1458480863666,-0.40402153,2.7754784,9.062054,-0.01784318,0.046871636,0.18508969
1458480863847,-0.61770403,2.9221232,9.086594,0.039947417,0.026365295,0.05219796
1458480864025,-0.89423436,3.165733,9.044097,0.031158986,0.013315806,0.027696876
1458480864205,-1.0432734,3.2585084,9.234436,0.18082865,0.23595607,-0.06711166
1458480864384,-0.5967548,2.7299886,8.775348,-0.014114754,-0.021837922,0.07084008
1458480864564,-0.8242039,2.8682537,9.296685,-0.22450449,-0.15472966,0.042077947
1458480864743,-0.50397944,3.0029275,9.143456,-0.023702133,-0.007989483,0.05139901
1458480864923,-0.75357497,3.252523,8.92738,0.021571605,-0.0127831735,0.03542004
1458480865103,-0.63206923,3.122039,8.977658,0.00958738,0.008788432,0.04474111
1458480865283,-0.89184016,3.1196449,9.069835,0.012250541,0.0314253,0.03169162
1458480865462,-0.7745243,3.071761,9.059659,0.019973708,0.03009372,0.051665325
1458480865642,-0.6937199,3.1771057,9.082404,0.03435478,0.031158986,0.035952676
1458480865823,-0.64463884,3.2638955,8.854357,0.023435818,0.02396845,0.041545313
1458480866000,-0.6733692,3.0897174,8.968679,-0.01917476,-0.028495824,0.05273059
1458480866180,-0.7194576,3.1884782,9.051878,-0.02609898,5.326322E-4,0.07483483
1458480866361,-0.7727286,3.1334114,9.263765,-0.05832323,-0.014114754,0.056459017
1458480866541,-1.2030864,3.642778,8.890269,0.061519023,0.09560748,0.035153728
1458480866719,-1.3281834,3.7110126,8.696938,0.12410331,0.11851067,-0.0026631611
1458480866898,-1.055843,3.6008794,9.01776,0.05352954,0.05752428,0.054328486
1458480867078,-1.2515689,3.750517,8.820838,-0.047404267,-0.02609898,0.024234766
1458480867258,-0.9367314,3.5673606,8.631696,-0.0034621095,-0.026365295,0.035153728
1458480867437,-0.91458505,3.4811692,8.8088665,-0.12357068,-0.1371528,0.030360037
1458480867617,-0.7146692,3.1621418,9.0429,-0.08841695,-0.050600063,0.050600063
1458480867797,-0.7338228,3.1789012,9.140464,-0.16112125,-0.14753912,0.05219796
1458480867977,-0.6135142,3.1064768,9.122507,-0.033289514,0.036751624,0.025566347
1458480868157,-0.64703304,3.0095115,8.925584,-0.031158986,0.010918961,0.033822145
1458480868336,-0.7990648,3.2016463,9.028535,-0.056991648,-0.01304949,0.046339005
1458480868518,-0.87567925,3.2124202,9.01417,0.077231675,0.05672533,0.03834952
1458480868695,-1.0073603,3.3446999,8.986037,0.06657903,0.07163903,0.021571605
1458480868876,-0.9115923,3.3686419,8.841188,-0.0018642128,0.013582122,0.012250541
1458480869055,-0.76075757,3.2944214,8.772355,-0.024234766,-0.06391586,0.064182185
1458480869234,-0.75596917,3.1136594,8.987833,-0.0063915867,-0.032490566,0.08495484
1458480869414,-0.7104794,3.1902738,9.07582,0.0029294773,0.025832662,0.07456851
1458480869595,-0.7020996,3.3859997,8.899248,-0.002396845,0.027164243,0.035952676
1458480869774,-0.5674258,2.9735985,8.907627,-0.0063915867,-0.05273059,0.05885586
1458480869952,-0.84455466,3.1238346,8.764574,-0.16192019,-0.10705908,-0.013315806
1458480870131,-0.5057751,2.9574378,9.179968,-0.042077947,0.018375812,0.020772656
1458480870311,-0.6847417,2.906561,9.063251,-0.046871636,-0.0031957934,0.07803062
1458480870491,-0.83497787,3.0873232,9.545084,-0.04314321,-0.00958738,0.011717909
1458480870672,-0.8571242,3.0933087,8.900445,-0.13768543,-0.15020229,0.10146644
1458480870850,-0.3878607,2.9161377,8.952518,0.0644485,0.092145376,0.010918961
1458480871031,-0.14425065,2.5558102,9.257779,0.019441076,5.326322E-4,0.094808534
1458480871212,-0.45190558,2.9628246,8.93576,0.17150758,-0.077231675,-0.009853696
1458480871389,-0.48482585,3.176507,9.144054,-0.0561927,-0.03701794,0.054594804
1458480871569,-0.42197806,3.2369606,8.856153,0.046072688,0.051665325,0.047670584
1458480871750,-0.38845924,3.25791,8.798093,0.023702133,-0.014647386,0.06338324
1458480871928,-0.5566519,3.2489316,8.953716,-0.071106404,-0.015446335,0.15286545
1458480872108,-0.3333926,2.9993362,9.0716305,-0.05539375,-0.008522116,0.05006743
1458480872286,-0.2669535,3.1471782,8.989629,-0.006657903,-0.03169162,0.07536746
1458480872467,-0.30645782,3.080739,9.089587,-0.008255799,0.0029294773,0.045540057
1458480872647,-0.22804771,3.1998506,8.998607,0.013848438,0.026897928,0.049801115
1458480872827,-0.3890578,2.331354,9.300277,-0.050333746,0.0053263223,0.01917476
1458480873005,-0.92176765,3.080739,8.845378,-0.10918961,0.17896444,-0.082558
1458480873185,-0.7062895,2.9789855,8.925584,0.12197278,0.18508969,-0.27164245
1458480873365,-1.3940239,3.072958,8.968679,-0.11717909,-0.010918961,-0.0029294773
1458480873544,-1.1971009,3.1950622,9.192537,0.010386328,0.054328486,-0.04314321
1458480873724,-0.7703344,2.6755204,8.9363575,-0.020240024,0.036218993,0.10040118
1458480873904,-1.0672154,3.008913,9.214086,0.01784318,-0.04580637,0.03195793
1458480874083,-0.4249708,2.381632,9.186552,-0.17576863,-0.14247912,0.009054748
1458480874263,-0.6500258,2.759916,9.200917,-0.104928546,-0.20053603,0.007989483
1458480874442,-0.45669398,2.586935,9.15842,-0.045007423,0.011984225,0.053795855
1458480874622,-0.39683893,2.6007016,9.049484,-0.0010652645,0.032490566,0.019707393
1458480874802,-0.84814596,2.791639,9.190144,-0.04926848,-0.04447479,0.045007423
1458480874982,-0.27832595,2.4917655,8.9363575,-0.10839066,-0.02956109,0.17603496
1458480875161,-0.41359833,2.5899277,9.281123,0.06950851,-0.11424961,0.17283916
1458480875341,-0.42197806,2.4702177,9.003395,0.03488741,0.06578008,0.01304949
1458480875520,-0.46686932,2.6443958,9.22067,0.07563378,0.09321064,0.077231675
1458480875700,-0.95349085,3.3620577,8.954913,0.0561927,0.09640643,0.12650016
1458480875880,-0.98940384,3.7271736,8.176199,0.1587244,0.15100123,0.053263225
1458480876058,-1.0085574,3.3387144,8.5473,0.04926848,0.023435818,0.0058589545
1458480876239,-1.01574,3.3500867,8.902241,0.016511599,0.03009372,0.06364955
1458480876418,-1.0702082,3.3315318,9.091382,-0.03435478,-0.016245283,0.076965354
1458480876600,-0.9528923,3.4524388,8.804078,-0.0015978967,-0.014647386,0.06578008
1458480876778,-0.9564836,3.1896753,9.000402,-0.025300032,-0.04926848,0.041012682
1458480876956,-0.8319851,3.2064347,8.959702,-0.058056913,-0.018642128,0.037284255
1458480877137,-0.7846996,3.1423898,9.112331,-0.048203215,-0.0561927,0.06178534
1458480877315,-0.729633,3.0867245,8.978855,-0.01571265,-0.0039947415,0.05273059
1458480877495,-0.7314286,3.144784,8.901043,0.004527374,0.0037284256,0.037550572
1458480877675,-0.65182143,3.2429461,8.938752,-0.008255799,0.0039947415,0.04580637
1458480877855,-0.7146692,3.269881,9.039309,-0.016245283,-0.01304949,0.052464273
1458480878034,-0.7272388,3.2531216,9.036914,-0.015180019,0.006657903,0.025300032
1458480878214,-0.7272388,3.3518825,8.806473,0.014647386,5.326322E-4,0.03834952
1458480878394,-0.81343,3.4213142,8.845378,0.040213734,-0.012516857,0.0628506
1458480878573,-0.7272388,3.4105403,8.862138,-0.014114754,-0.05006743,0.080960095
1458480878753,-0.7505822,3.4853592,8.826823,0.030360037,-0.020240024,0.036218993
1458480878932,-0.86131406,3.5338416,8.985439,-0.010652645,-0.006657903,0.03914847
1458480879112,-0.6751649,3.3812113,8.856153,-0.0010652645,-0.02876214,0.04580637
1458480879292,-0.8535329,3.442862,9.072827,-0.014913702,-0.028495824,0.05672533
1458480879470,-0.7032967,3.4183214,8.762778,-0.027696876,-0.010120012,0.046339005
1458480879652,-0.6901286,3.3824084,8.956709,-0.037284255,-0.030360037,0.05539375
1458480879831,-0.7032967,3.342904,8.902241,-0.0314253,-0.009054748,0.049002163
1458480880010,-0.694917,3.3345244,8.98903,-0.038083203,0.01304949,0.047137953
1458480880202,-0.74998367,3.3865983,8.901642,-0.024501082,-0.0018642128,0.045007423
1458480880369,-0.61171854,3.3183637,8.808268,-0.0013315806,0.0061252704,0.05672533
1458480880549,-0.724246,3.3626564,8.907029,-5.326322E-4,-0.010918961,0.055926383
1458480880729,-0.7326257,3.3626564,8.967483,-0.025300032,-0.0034621095,0.037284255
1458480880908,-0.7685388,3.3554738,8.97646,0.0026631611,-0.008522116,0.049534798
1458480881089,-0.8367735,3.3051953,8.859743,-0.00479369,0.026631612,0.03355583
1458480881267,-0.7906851,3.4446578,8.874707,0.023702133,0.015446335,0.05965481
1458480881447,-0.7978677,3.4566288,8.8806925,5.326322E-4,-0.007456851,0.051931642
1458480881628,-0.78170687,3.4261026,8.871715,-0.0037284256,0.0013315806,0.039414786
1458480881806,-0.81761986,3.50152,8.918402,-0.016777916,0.022370555,0.036218993
1458480881986,-0.78050977,3.514688,8.863934,0.018908445,-0.011185277,0.04660532
1458480882167,-0.8846575,3.4877534,8.84478,-0.007190535,0.010652645,0.045540057
1458480882345,-0.7026982,3.442862,8.916007,-0.040213734,0.0063915867,0.043942157
1458480882524,-0.7799112,3.5511997,8.826224,-0.011717909,-0.00958738,0.038615838
1458480882705,-0.724246,3.5128925,8.732851,-0.011451593,0.017310547,0.037550572
1458480882885,-0.8631097,3.5128925,8.781932,-0.006657903,0.0031957934,0.03169162
1458480883062,-1.2162545,3.2273839,8.950723,-0.02743056,7.9894834E-4,0.047137953
1458480883243,-0.7990648,3.41892,8.986037,-0.09081379,0.056459017,0.0974717
1458480883422,-0.8499416,3.448249,9.148843,0.011717909,0.024501082,0.038083203
1458480883602,-0.85532856,3.2680852,9.093777,0.010918961,0.02263687,0.006657903
1458480883783,-0.7577648,3.3800142,8.94773,-0.018908445,0.0015978967,0.02609898
1458480883962,-0.6997054,3.259107,8.908226,-0.037284255,-0.03781689,0.062051654
1458480884141,-0.75836337,3.0855274,9.216479,-0.027164243,-0.025300032,0.061252706
1458480884321,-0.8158242,3.1453824,9.0794115,-0.01917476,-0.009321064,0.021571605
1458480884500,-0.830788,3.1190462,9.027337,-0.026365295,0.036218993,0.021038974
1458480884680,-0.6991069,3.0059202,9.229049,-0.10679276,-0.039947417,0.113983296
1458480884859,-0.5823896,2.8628666,9.060856,-0.00958738,0.015978966,0.09534117
1458480885039,-0.5267244,3.0609868,8.872313,-0.036751624,0.002130529,0.066312715
1458480885218,-0.38965634,2.919729,8.743625,0.02396845,0.0018642128,0.08974853
1458480885398,-0.6410475,3.2477345,9.020155,0.07829694,0.08335695,0.013582122
1458480885578,-0.65541273,3.3500867,8.987833,0.05273059,0.046871636,0.060453758
1458480885757,-0.82240826,3.5464113,8.933964,0.058589544,0.02130529,0.040746365
1458480885943,-0.8002619,3.4608185,8.92319,-0.002130529,0.0053263223,0.039947417
1458480886117,-0.86610246,3.5290532,8.859743,0.011717909,0.01304949,0.040746365
1458480886296,-0.7739257,3.4662056,8.841787,-0.02130529,0.020772656,0.03435478
1458480886485,-0.78410107,3.4404678,8.919599,-0.026897928,0.0010652645,0.04527374
1458480886656,-0.7505822,3.383007,8.868123,-0.02609898,0.009054748,0.05273059
1458480886836,-0.7781156,3.3363202,8.96449,-0.0053263223,0.014114754,0.058056913
1458480887014,-0.75716627,3.359065,8.9519205,-0.028229509,-0.027696876,0.05539375
1458480887194,-0.8218097,3.3093853,9.007586,-0.016511599,2.663161E-4,0.049002163
1458480887373,-0.7679402,3.2770636,8.99741,-0.0314253,0.007989483,0.041012682
1458480887553,-0.7835025,3.3614593,8.819042,0.010386328,0.024501082,0.047670584
1458480887732,-0.7326257,3.352481,8.88608,-0.013848438,0.0018642128,0.045007423
1458480887912,-0.8002619,3.4003649,9.002797,0.004527374,0.0055926386,0.05566007
1458480888092,-0.7302315,3.364452,9.11712,-0.011984225,0.015180019,0.041545313
1458480888272,-0.78888947,3.417723,8.841188,-0.0077231675,-0.0010652645,0.050866377
1458480888452,-0.6931214,3.5122938,8.865729,0.0037284256,0.024501082,0.021837922
1458480888630,-0.7751228,3.413533,9.012972,7.9894834E-4,0.007190535,0.040480047
1458480888811,-0.8846575,3.5248635,8.986636,0.009853696,0.017044231,0.049534798
1458480888990,-0.9056068,3.4452562,8.892065,0.004527374,0.00479369,0.03009372
1458480889170,-0.6691794,3.4506433,8.728661,-0.018642128,-0.027963191,0.047404267
1458480889350,-0.4818331,3.2890346,9.0315275,-0.038083203,-0.1025317,0.11664646
1458480889529,-0.56203884,3.3291376,9.074623,-0.020240024,-0.03222425,0.050866377
1458480889710,-0.65780693,3.4488475,8.886678,-0.057790596,-0.026631612,0.038083203
1458480889889,-0.59376204,3.3566709,8.830415,-0.057790596,0.13502227,0.05752428
1458480890068,-0.6440403,3.3135753,8.889072,0.0013315806,0.029294772,0.040213734
1458480890247,-0.3429694,3.2249897,8.916007,-0.079095885,-0.07137272,0.0628506
1458480890427,-0.10474633,3.2249897,8.683769,-0.02876214,-0.06364955,0.08735169
1458480890606,-0.427365,3.3512838,8.842984,0.042876896,0.02956109,0.0628506
1458480890786,-0.4201824,3.3435028,8.8567505,0.030360037,0.0031957934,0.035952676
1458480890969,-0.6452374,3.4231098,9.203311,-0.0010652645,0.028229509,0.033023197
